gene,mapping_status,mapping_reason,uniprot_accession,protein_length,clinvar_pathogenic,clinvar_benign,residue_matched_pathogenic,residue_matched_benign,selection_rank,selected
ABCA12,mapped,,Q86UK0,2595,29,101,29,101,93,True
ABCB11,mapped,,O95342,1321,61,25,61,25,113,False
ABCC6,mapped,,O95255,1503,66,35,66,35,63,True
ABCD1,mapped,,P33897,745,207,67,207,67,20,True
ANKRD11,mapped,,Q6UB99,2663,31,240,31,240,81,True
AR,mapped,,P10275,920,149,32,149,32,77,True
ARID1A,mapped,,O14497,2285,28,232,28,232,100,True
ATM,excluded,protein_longer_than_max_length,,,87,160,,,,False
ATP7A,mapped,,Q04656,1500,37,193,37,193,54,True
ATP7B,mapped,,P35670,1465,193,25,193,25,115,False
ATRX,mapped,,P46100,2492,60,314,60,314,23,True
AVPR2,mapped,,P30518,371,47,32,47,32,75,True
BICD2,mapped,,Q8TD16,824,27,81,27,74,104,False
BMPR2,mapped,,Q13873,1038,46,53,46,53,37,True
BRCA1,mapped,,P38398,1863,201,441,201,441,1,True
BRCA2,excluded,protein_longer_than_max_length,,,109,702,,,,False
CACNA1A,mapped,,O00555,2506,144,101,143,100,10,True
CACNA1C,mapped,,Q13936,2221,50,64,33,28,96,True
CACNA1E,mapped,,Q15878,2313,30,332,30,332,89,True
CDH23,excluded,protein_longer_than_max_length,,,67,47,,,,False
CDK13,mapped,,Q14004,1512,38,114,38,114,52,True
CDKL5,mapped,,O76039,960,122,99,121,84,13,True
CHAT,mapped,,P28329,748,27,27,27,27,101,False
CHD2,mapped,,O14647,1828,68,71,68,71,19,True
CHD3,mapped,,Q12873,2000,63,49,63,48,33,True
CHD4,mapped,,Q14839,1912,47,28,47,28,97,True
CHD7,excluded,protein_longer_than_max_length,,,74,293,,,,False
CHD8,mapped,,Q9HCK8,2581,34,104,34,104,68,True
COL11A1,mapped,,P12107,1806,36,160,36,160,59,True
COL1A1,mapped,,P02452,1464,454,76,454,76,17,True
COL2A1,mapped,,P02458,1487,464,108,464,108,8,True
COL4A1,mapped,,P02462,1669,235,29,235,29,95,True
COL4A2,mapped,,P08572,1712,27,72,27,72,103,False
COL4A3,mapped,,Q01955,1670,333,49,333,49,32,True
COL4A4,mapped,,P53420,1690,288,44,288,44,41,True
COL4A5,mapped,,P29400,1685,677,108,641,82,14,True
COL5A1,mapped,,P20908,1838,32,200,32,200,78,True
COL6A1,mapped,,P12109,1028,50,109,50,109,30,True
COL6A2,mapped,,P12110,1019,56,65,56,59,27,True
COL6A3,excluded,protein_longer_than_max_length,,,34,189,,,,False
COL7A1,excluded,protein_longer_than_max_length,,,283,202,,,,False
CPS1,mapped,,P31327,1500,48,41,48,41,45,True
CREBBP,mapped,,Q92793,2442,108,153,108,153,7,True
CSF1R,mapped,,P07333,972,35,67,35,67,64,True
CYBB,mapped,,P04839,570,54,27,54,27,102,False
DICER1,mapped,,Q9UPY3,1922,25,68,25,68,114,False
DNAH5,excluded,protein_longer_than_max_length,,,36,381,,,,False
DNM1,mapped,,Q05193,864,46,38,46,38,50,True
DYNC1H1,excluded,protein_longer_than_max_length,,,138,222,,,,False
DYNC2H1,excluded,protein_longer_than_max_length,,,54,35,,,,False
DYRK1A,excluded,too_few_variants_after_residue_check,Q13627,763,35,83,3,13,,False
DYSF,excluded,too_few_variants_after_residue_check,O75923,2080,115,68,12,4,,False
EHMT1,mapped,,Q9H9B1,1298,31,331,31,331,82,True
ENG,mapped,,P17813,658,80,105,80,105,15,True
EP300,mapped,,Q09472,2414,37,217,37,217,55,True
EYS,excluded,protein_longer_than_max_length,,,30,49,,,,False
EZH2,excluded,too_few_variants_after_residue_check,Q15910,746,29,26,9,18,,False
F8,mapped,,P00451,2351,266,36,266,36,60,True
FANCA,mapped,,O15360,1455,47,88,47,88,35,True
FBN1,excluded,protein_longer_than_max_length,,,1350,66,,,,False
FBN2,excluded,protein_longer_than_max_length,,,78,200,,,,False
FBXO11,mapped,,Q86XK2,927,58,64,58,64,26,True
FLNA,mapped,,P21333,2647,35,207,35,207,67,True
FLNB,mapped,,O75369,2602,42,152,42,152,44,True
FLT4,mapped,,P35916,1363,30,42,30,42,86,True
FOXG1,mapped,,P55316,489,94,73,94,73,18,True
FOXP1,mapped,,Q9H334,677,29,54,29,54,91,True
GABRB2,mapped,,P47870,512,54,50,54,50,29,True
GNAS,excluded,multiple_uniprot_entries,,,71,28,,,,False
GRIN1,mapped,,Q05586,938,90,35,90,35,65,True
GRIN2A,mapped,,Q12879,1464,98,174,98,174,11,True
GRIN2B,mapped,,Q13224,1484,143,140,143,140,5,True
HCN1,mapped,,O60741,890,30,57,30,57,88,True
HECW2,mapped,,Q9P2P5,1572,33,80,33,80,71,True
HNF1A,mapped,,P20823,631,133,33,133,33,72,True
HUWE1,excluded,protein_longer_than_max_length,,,69,88,,,,False
IDS,mapped,,P22304,550,294,47,294,47,36,True
INF2,mapped,,Q27J81,1249,45,124,45,124,40,True
JAG1,mapped,,P78504,1218,33,52,33,52,69,True
KCNB1,mapped,,Q14721,858,85,118,85,118,12,True
KCNT1,excluded,too_few_variants_after_residue_check,Q5JUK3,1230,66,87,4,6,,False
KDM5C,mapped,,P41229,1560,40,46,40,45,46,True
KIF1A,excluded,too_few_variants_after_residue_check,Q12756,1690,115,83,113,10,,False
KIF5A,mapped,,Q12840,1032,35,59,35,59,62,True
KMT2A,excluded,protein_longer_than_max_length,,,55,124,,,,False
KMT2B,excluded,protein_longer_than_max_length,,,29,338,,,,False
KMT2D,excluded,protein_longer_than_max_length,,,89,1002,,,,False
L1CAM,mapped,,P32004,1257,29,145,29,145,94,True
LDLR,mapped,,P01130,860,657,36,657,36,61,True
MECP2,excluded,too_few_variants_after_residue_check,P51608,486,128,173,6,20,,False
MED12,mapped,,Q93074,2177,39,88,39,88,47,True
MED13L,mapped,,Q71F56,2210,39,197,39,197,48,True
MLH1,mapped,,P40692,756,176,33,176,33,73,True
MSH2,mapped,,P43246,934,135,287,135,287,6,True
MSH6,mapped,,P52701,1360,61,73,61,73,22,True
MTOR,mapped,,P42345,2549,39,271,39,271,49,True
MUTYH,excluded,too_few_variants_after_residue_check,Q9UIF7,546,55,145,4,7,,False
MYBPC3,mapped,,Q14896,1274,30,36,30,36,83,True
MYH9,mapped,,P35579,1960,36,92,36,92,57,True
MYO15A,excluded,protein_longer_than_max_length,,,99,59,,,,False
MYO7A,mapped,,Q13402,2215,155,31,155,31,80,True
MYOC,mapped,,Q99972,504,45,26,45,26,105,False
NF1,excluded,protein_longer_than_max_length,,,400,85,,,,False
NIPBL,excluded,protein_longer_than_max_length,,,88,67,,,,False
NOTCH3,mapped,,Q9UM47,2321,199,80,199,80,16,True
NPHS1,mapped,,O60500,1241,55,36,55,36,56,True
NSD1,mapped,,Q96L73,2696,166,238,166,238,3,True
OCA2,mapped,,Q04671,838,73,26,73,26,107,False
OCRL,mapped,,Q01968,901,29,36,29,36,90,True
OPA1,excluded,too_few_variants_after_residue_check,O60313,960,55,37,3,12,,False
OTOF,mapped,,Q9HC10,1997,34,68,33,68,70,True
PHEX,mapped,,P78562,749,132,31,132,31,79,True
PHIP,mapped,,Q8WWQ0,1821,28,52,28,52,98,True
PKD1,excluded,protein_longer_than_max_length,,,144,204,,,,False
PKHD1,excluded,protein_longer_than_max_length,,,142,55,,,,False
PMS2,mapped,,P54278,862,25,46,25,46,111,False
PTCH1,mapped,,Q13635,1447,43,128,43,125,43,True
PURA,mapped,,Q00577,322,52,28,52,28,99,True
RB1,mapped,,P06400,928,38,65,38,65,51,True
RET,mapped,,P07949,1114,60,46,60,46,39,True
RPGR,mapped,,Q92834,1020,56,83,55,46,38,True
RUNX1,excluded,too_few_variants_after_residue_check,Q01196,453,45,39,0,1,,False
RYR1,excluded,protein_longer_than_max_length,,,212,57,,,,False
RYR2,excluded,protein_longer_than_max_length,,,231,57,,,,False
SACS,excluded,protein_longer_than_max_length,,,43,447,,,,False
SATB2,mapped,,Q9UPW6,733,47,72,47,72,34,True
SCN1A,mapped,,P35498,2009,936,59,936,59,25,True
SCN2A,mapped,,Q99250,2005,339,26,339,26,109,False
SCN3A,mapped,,Q9NY46,2000,25,51,25,51,112,False
SCN5A,mapped,,Q14524,2016,111,31,48,26,106,False
SCN8A,mapped,,Q9UQD0,1980,253,38,253,38,53,True
SKI,mapped,,P12755,728,25,35,25,35,110,False
SLC6A1,mapped,,P30531,599,74,59,74,59,24,True
SLC6A8,mapped,,P48029,635,32,53,32,53,76,True
SMARCA2,mapped,,P51531,1590,101,104,101,104,9,True
SOS1,mapped,,Q07889,1333,56,62,56,61,28,True
SOX11,mapped,,P35716,441,44,30,44,30,87,True
SOX9,mapped,,P48436,509,41,30,41,30,85,True
SPTAN1,excluded,too_few_variants_after_residue_check,Q13813,2472,29,116,10,67,,False
STAT3,mapped,,P40763,770,84,26,84,26,108,False
STXBP1,mapped,,P61764,594,120,53,119,50,31,True
SYNGAP1,mapped,,Q96PV0,1343,62,123,62,123,21,True
TAF1,excluded,too_few_variants_after_residue_check,P21675,1893,28,35,0,0,,False
TCF4,excluded,too_few_variants_after_residue_check,P15884,667,60,55,23,48,,False
TERT,mapped,,O14746,1132,30,36,30,36,84,True
TP53,mapped,,P04637,393,221,149,221,149,4,True
TRIO,excluded,protein_longer_than_max_length,,,32,101,,,,False
TSC2,mapped,,P49815,1807,177,183,177,183,2,True
TTN,excluded,protein_longer_than_max_length,,,27,1059,,,,False
USH2A,excluded,protein_longer_than_max_length,,,279,115,,,,False
USP9X,mapped,,Q93008,2554,32,44,32,44,74,True
VHL,mapped,,P40337,213,156,35,156,35,66,True
VWF,excluded,protein_longer_than_max_length,,,141,41,,,,False
WFS1,mapped,,O76024,890,79,29,79,29,92,True
ZBTB18,excluded,too_few_variants_after_residue_check,Q99592,522,27,25,1,4,,False
ZBTB20,mapped,,Q9HC78,741,48,43,48,43,42,True
ZEB2,mapped,,O60315,1214,36,132,36,132,58,True
