rank,gene,uniprot_accession,protein_length,alphafold_entry,alphafold_version,alphafold_mean_plddt,alphafold_cif_url,available_pathogenic,available_benign,minority_class_count,class_balance,selected_pathogenic,selected_benign
1,BRCA1,P38398,1863,AF-P38398-F1,6,41.59,https://alphafold.ebi.ac.uk/files/AF-P38398-F1-model_v6.cif,201,441,201,0.4558,25,25
2,TSC2,P49815,1807,AF-P49815-F1,6,67.88,https://alphafold.ebi.ac.uk/files/AF-P49815-F1-model_v6.cif,177,183,177,0.9672,25,25
3,NSD1,Q96L73,2696,AF-Q96L73-F1,6,44.69,https://alphafold.ebi.ac.uk/files/AF-Q96L73-F1-model_v6.cif,166,238,166,0.6975,25,25
4,TP53,P04637,393,AF-P04637-F1,6,75.06,https://alphafold.ebi.ac.uk/files/AF-P04637-F1-model_v6.cif,221,149,149,0.6742,25,25
5,GRIN2B,Q13224,1484,AF-Q13224-F1,6,60.69,https://alphafold.ebi.ac.uk/files/AF-Q13224-F1-model_v6.cif,143,140,140,0.979,25,25
6,MSH2,P43246,934,AF-P43246-F1,6,85.31,https://alphafold.ebi.ac.uk/files/AF-P43246-F1-model_v6.cif,135,287,135,0.4704,25,25
7,CREBBP,Q92793,2442,AF-Q92793-F1,6,52.53,https://alphafold.ebi.ac.uk/files/AF-Q92793-F1-model_v6.cif,108,153,108,0.7059,25,25
8,COL2A1,P02458,1487,AF-P02458-F1,6,52.12,https://alphafold.ebi.ac.uk/files/AF-P02458-F1-model_v6.cif,464,108,108,0.2328,25,25
9,SMARCA2,P51531,1590,AF-P51531-F1,6,65.06,https://alphafold.ebi.ac.uk/files/AF-P51531-F1-model_v6.cif,101,104,101,0.9712,25,25
10,CACNA1A,O00555,2506,AF-O00555-F1,6,57.72,https://alphafold.ebi.ac.uk/files/AF-O00555-F1-model_v6.cif,143,100,100,0.6993,25,25
11,GRIN2A,Q12879,1464,AF-Q12879-F1,6,60.84,https://alphafold.ebi.ac.uk/files/AF-Q12879-F1-model_v6.cif,98,174,98,0.5632,25,25
12,KCNB1,Q14721,858,AF-Q14721-F1,6,61.94,https://alphafold.ebi.ac.uk/files/AF-Q14721-F1-model_v6.cif,85,118,85,0.7203,25,25
13,CDKL5,O76039,960,AF-O76039-F1,6,53.12,https://alphafold.ebi.ac.uk/files/AF-O76039-F1-model_v6.cif,121,84,84,0.6942,25,25
14,COL4A5,P29400,1685,AF-P29400-F1,6,48.12,https://alphafold.ebi.ac.uk/files/AF-P29400-F1-model_v6.cif,641,82,82,0.1279,25,25
15,ENG,P17813,658,AF-P17813-F1,6,80.06,https://alphafold.ebi.ac.uk/files/AF-P17813-F1-model_v6.cif,80,105,80,0.7619,25,25
16,NOTCH3,Q9UM47,2321,AF-Q9UM47-F1,6,61.44,https://alphafold.ebi.ac.uk/files/AF-Q9UM47-F1-model_v6.cif,199,80,80,0.402,25,25
17,COL1A1,P02452,1464,AF-P02452-F1,6,52.72,https://alphafold.ebi.ac.uk/files/AF-P02452-F1-model_v6.cif,454,76,76,0.1674,25,25
18,FOXG1,P55316,489,AF-P55316-F1,6,57.47,https://alphafold.ebi.ac.uk/files/AF-P55316-F1-model_v6.cif,94,73,73,0.7766,25,25
19,CHD2,O14647,1828,AF-O14647-F1,6,60.41,https://alphafold.ebi.ac.uk/files/AF-O14647-F1-model_v6.cif,68,71,68,0.9577,25,25
20,ABCD1,P33897,745,AF-P33897-F1,6,80.62,https://alphafold.ebi.ac.uk/files/AF-P33897-F1-model_v6.cif,207,67,67,0.3237,25,25
21,SYNGAP1,Q96PV0,1343,AF-Q96PV0-F1,6,59.22,https://alphafold.ebi.ac.uk/files/AF-Q96PV0-F1-model_v6.cif,62,123,62,0.5041,25,25
22,MSH6,P52701,1360,AF-P52701-F1,6,77.06,https://alphafold.ebi.ac.uk/files/AF-P52701-F1-model_v6.cif,61,73,61,0.8356,25,25
23,ATRX,P46100,2492,AF-P46100-F1,6,51.81,https://alphafold.ebi.ac.uk/files/AF-P46100-F1-model_v6.cif,60,314,60,0.1911,25,25
24,SLC6A1,P30531,599,AF-P30531-F1,6,87.94,https://alphafold.ebi.ac.uk/files/AF-P30531-F1-model_v6.cif,74,59,59,0.7973,25,25
25,SCN1A,P35498,2009,AF-P35498-F1,6,68.5,https://alphafold.ebi.ac.uk/files/AF-P35498-F1-model_v6.cif,936,59,59,0.063,25,25
26,FBXO11,Q86XK2,927,AF-Q86XK2-F1,6,82.56,https://alphafold.ebi.ac.uk/files/AF-Q86XK2-F1-model_v6.cif,58,64,58,0.9062,25,25
27,COL6A2,P12110,1019,AF-P12110-F1,6,68.25,https://alphafold.ebi.ac.uk/files/AF-P12110-F1-model_v6.cif,56,59,56,0.9492,25,25
28,SOS1,Q07889,1333,AF-Q07889-F1,6,76.38,https://alphafold.ebi.ac.uk/files/AF-Q07889-F1-model_v6.cif,56,61,56,0.918,25,25
29,GABRB2,P47870,512,AF-P47870-F1,6,76.5,https://alphafold.ebi.ac.uk/files/AF-P47870-F1-model_v6.cif,54,50,50,0.9259,25,25
30,COL6A1,P12109,1028,AF-P12109-F1,6,69.94,https://alphafold.ebi.ac.uk/files/AF-P12109-F1-model_v6.cif,50,109,50,0.4587,25,25
31,STXBP1,P61764,594,AF-P61764-F1,6,90.44,https://alphafold.ebi.ac.uk/files/AF-P61764-F1-model_v6.cif,119,50,50,0.4202,25,25
32,COL4A3,Q01955,1670,AF-Q01955-F1,6,47.88,https://alphafold.ebi.ac.uk/files/AF-Q01955-F1-model_v6.cif,333,49,49,0.1471,25,25
33,CHD3,Q12873,2000,AF-Q12873-F1,6,62.38,https://alphafold.ebi.ac.uk/files/AF-Q12873-F1-model_v6.cif,63,48,48,0.7619,25,25
34,SATB2,Q9UPW6,733,AF-Q9UPW6-F1,6,66.06,https://alphafold.ebi.ac.uk/files/AF-Q9UPW6-F1-model_v6.cif,47,72,47,0.6528,25,25
35,FANCA,O15360,1455,AF-O15360-F1,6,74.88,https://alphafold.ebi.ac.uk/files/AF-O15360-F1-model_v6.cif,47,88,47,0.5341,25,25
36,IDS,P22304,550,AF-P22304-F1,6,93.06,https://alphafold.ebi.ac.uk/files/AF-P22304-F1-model_v6.cif,294,47,47,0.1599,25,25
37,BMPR2,Q13873,1038,AF-Q13873-F1,6,57.38,https://alphafold.ebi.ac.uk/files/AF-Q13873-F1-model_v6.cif,46,53,46,0.8679,25,25
38,RPGR,Q92834,1020,AF-Q92834-F1,6,57.06,https://alphafold.ebi.ac.uk/files/AF-Q92834-F1-model_v6.cif,55,46,46,0.8364,25,25
39,RET,P07949,1114,AF-P07949-F1,6,78.81,https://alphafold.ebi.ac.uk/files/AF-P07949-F1-model_v6.cif,60,46,46,0.7667,25,25
40,INF2,Q27J81,1249,AF-Q27J81-F1,6,66.25,https://alphafold.ebi.ac.uk/files/AF-Q27J81-F1-model_v6.cif,45,124,45,0.3629,25,25
41,COL4A4,P53420,1690,AF-P53420-F1,6,48.31,https://alphafold.ebi.ac.uk/files/AF-P53420-F1-model_v6.cif,288,44,44,0.1528,25,25
42,ZBTB20,Q9HC78,741,AF-Q9HC78-F1,6,52.19,https://alphafold.ebi.ac.uk/files/AF-Q9HC78-F1-model_v6.cif,48,43,43,0.8958,25,25
43,PTCH1,Q13635,1447,AF-Q13635-F1,6,73.88,https://alphafold.ebi.ac.uk/files/AF-Q13635-F1-model_v6.cif,43,125,43,0.344,25,25
44,FLNB,O75369,2602,AF-O75369-F1,6,76.25,https://alphafold.ebi.ac.uk/files/AF-O75369-F1-model_v6.cif,42,152,42,0.2763,25,25
45,CPS1,P31327,1500,AF-P31327-F1,6,93.81,https://alphafold.ebi.ac.uk/files/AF-P31327-F1-model_v6.cif,48,41,41,0.8542,25,25
46,KDM5C,P41229,1560,AF-P41229-F1,6,71.94,https://alphafold.ebi.ac.uk/files/AF-P41229-F1-model_v6.cif,40,45,40,0.8889,25,25
47,MED12,Q93074,2177,AF-Q93074-F1,6,65.12,https://alphafold.ebi.ac.uk/files/AF-Q93074-F1-model_v6.cif,39,88,39,0.4432,25,25
48,MED13L,Q71F56,2210,AF-Q71F56-F1,6,55.81,https://alphafold.ebi.ac.uk/files/AF-Q71F56-F1-model_v6.cif,39,197,39,0.198,25,25
49,MTOR,P42345,2549,AF-P42345-F1,6,78.0,https://alphafold.ebi.ac.uk/files/AF-P42345-F1-model_v6.cif,39,271,39,0.1439,25,25
50,DNM1,Q05193,864,AF-Q05193-F1,6,78.0,https://alphafold.ebi.ac.uk/files/AF-Q05193-F1-model_v6.cif,46,38,38,0.8261,25,25
51,RB1,P06400,928,AF-P06400-F1,6,76.06,https://alphafold.ebi.ac.uk/files/AF-P06400-F1-model_v6.cif,38,65,38,0.5846,25,25
52,CDK13,Q14004,1512,AF-Q14004-F1,6,49.84,https://alphafold.ebi.ac.uk/files/AF-Q14004-F1-model_v6.cif,38,114,38,0.3333,25,25
53,SCN8A,Q9UQD0,1980,AF-Q9UQD0-F1,6,68.38,https://alphafold.ebi.ac.uk/files/AF-Q9UQD0-F1-model_v6.cif,253,38,38,0.1502,25,25
54,ATP7A,Q04656,1500,AF-Q04656-F1,6,73.38,https://alphafold.ebi.ac.uk/files/AF-Q04656-F1-model_v6.cif,37,193,37,0.1917,25,25
55,EP300,Q09472,2414,AF-Q09472-F1,6,53.25,https://alphafold.ebi.ac.uk/files/AF-Q09472-F1-model_v6.cif,37,217,37,0.1705,25,25
56,NPHS1,O60500,1241,AF-O60500-F1,6,77.25,https://alphafold.ebi.ac.uk/files/AF-O60500-F1-model_v6.cif,55,36,36,0.6545,25,25
57,MYH9,P35579,1960,AF-P35579-F1,6,76.19,https://alphafold.ebi.ac.uk/files/AF-P35579-F1-model_v6.cif,36,92,36,0.3913,25,25
58,ZEB2,O60315,1214,AF-O60315-F1,6,48.16,https://alphafold.ebi.ac.uk/files/AF-O60315-F1-model_v6.cif,36,132,36,0.2727,25,25
59,COL11A1,P12107,1806,AF-P12107-F1,6,51.69,https://alphafold.ebi.ac.uk/files/AF-P12107-F1-model_v6.cif,36,160,36,0.225,25,25
60,F8,P00451,2351,AF-P00451-F1,6,60.75,https://alphafold.ebi.ac.uk/files/AF-P00451-F1-model_v6.cif,266,36,36,0.1353,25,25
61,LDLR,P01130,860,AF-P01130-F1,6,75.44,https://alphafold.ebi.ac.uk/files/AF-P01130-F1-model_v6.cif,657,36,36,0.0548,25,25
62,KIF5A,Q12840,1032,AF-Q12840-F1,6,75.31,https://alphafold.ebi.ac.uk/files/AF-Q12840-F1-model_v6.cif,35,59,35,0.5932,25,25
63,ABCC6,O95255,1503,AF-O95255-F1,6,80.94,https://alphafold.ebi.ac.uk/files/AF-O95255-F1-model_v6.cif,66,35,35,0.5303,25,25
64,CSF1R,P07333,972,AF-P07333-F1,6,77.81,https://alphafold.ebi.ac.uk/files/AF-P07333-F1-model_v6.cif,35,67,35,0.5224,25,25
65,GRIN1,Q05586,938,AF-Q05586-F1,6,82.88,https://alphafold.ebi.ac.uk/files/AF-Q05586-F1-model_v6.cif,90,35,35,0.3889,25,25
66,VHL,P40337,213,AF-P40337-F1,6,84.44,https://alphafold.ebi.ac.uk/files/AF-P40337-F1-model_v6.cif,156,35,35,0.2244,25,25
67,FLNA,P21333,2647,AF-P21333-F1,6,76.56,https://alphafold.ebi.ac.uk/files/AF-P21333-F1-model_v6.cif,35,207,35,0.1691,25,25
68,CHD8,Q9HCK8,2581,AF-Q9HCK8-F1,6,53.91,https://alphafold.ebi.ac.uk/files/AF-Q9HCK8-F1-model_v6.cif,34,104,34,0.3269,25,25
69,JAG1,P78504,1218,AF-P78504-F1,6,73.12,https://alphafold.ebi.ac.uk/files/AF-P78504-F1-model_v6.cif,33,52,33,0.6346,25,25
70,OTOF,Q9HC10,1997,AF-Q9HC10-F1,6,76.38,https://alphafold.ebi.ac.uk/files/AF-Q9HC10-F1-model_v6.cif,33,68,33,0.4853,25,25
71,HECW2,Q9P2P5,1572,AF-Q9P2P5-F1,6,60.41,https://alphafold.ebi.ac.uk/files/AF-Q9P2P5-F1-model_v6.cif,33,80,33,0.4125,25,25
72,HNF1A,P20823,631,AF-P20823-F1,6,56.97,https://alphafold.ebi.ac.uk/files/AF-P20823-F1-model_v6.cif,133,33,33,0.2481,25,25
73,MLH1,P40692,756,AF-P40692-F1,6,77.31,https://alphafold.ebi.ac.uk/files/AF-P40692-F1-model_v6.cif,176,33,33,0.1875,25,25
74,USP9X,Q93008,2554,AF-Q93008-F1,6,79.56,https://alphafold.ebi.ac.uk/files/AF-Q93008-F1-model_v6.cif,32,44,32,0.7273,25,25
75,AVPR2,P30518,371,AF-P30518-F1,6,76.0,https://alphafold.ebi.ac.uk/files/AF-P30518-F1-model_v6.cif,47,32,32,0.6809,25,25
76,SLC6A8,P48029,635,AF-P48029-F1,6,84.62,https://alphafold.ebi.ac.uk/files/AF-P48029-F1-model_v6.cif,32,53,32,0.6038,25,25
77,AR,P10275,920,AF-P10275-F1,6,57.25,https://alphafold.ebi.ac.uk/files/AF-P10275-F1-model_v6.cif,149,32,32,0.2148,25,25
78,COL5A1,P20908,1838,AF-P20908-F1,6,51.25,https://alphafold.ebi.ac.uk/files/AF-P20908-F1-model_v6.cif,32,200,32,0.16,25,25
79,PHEX,P78562,749,AF-P78562-F1,6,94.31,https://alphafold.ebi.ac.uk/files/AF-P78562-F1-model_v6.cif,132,31,31,0.2348,25,25
80,MYO7A,Q13402,2215,AF-Q13402-F1,6,77.25,https://alphafold.ebi.ac.uk/files/AF-Q13402-F1-model_v6.cif,155,31,31,0.2,25,25
81,ANKRD11,Q6UB99,2663,AF-Q6UB99-F1,6,39.22,https://alphafold.ebi.ac.uk/files/AF-Q6UB99-F1-model_v6.cif,31,240,31,0.1292,25,25
82,EHMT1,Q9H9B1,1298,AF-Q9H9B1-F1,6,63.91,https://alphafold.ebi.ac.uk/files/AF-Q9H9B1-F1-model_v6.cif,31,331,31,0.0937,25,25
83,MYBPC3,Q14896,1274,AF-Q14896-F1,6,78.81,https://alphafold.ebi.ac.uk/files/AF-Q14896-F1-model_v6.cif,30,36,30,0.8333,25,25
84,TERT,O14746,1132,AF-O14746-F1,6,80.19,https://alphafold.ebi.ac.uk/files/AF-O14746-F1-model_v6.cif,30,36,30,0.8333,25,25
85,SOX9,P48436,509,AF-P48436-F1,6,55.97,https://alphafold.ebi.ac.uk/files/AF-P48436-F1-model_v6.cif,41,30,30,0.7317,25,25
86,FLT4,P35916,1363,AF-P35916-F1,6,72.44,https://alphafold.ebi.ac.uk/files/AF-P35916-F1-model_v6.cif,30,42,30,0.7143,25,25
87,SOX11,P35716,441,AF-P35716-F1,6,56.41,https://alphafold.ebi.ac.uk/files/AF-P35716-F1-model_v6.cif,44,30,30,0.6818,25,25
88,HCN1,O60741,890,AF-O60741-F1,6,68.94,https://alphafold.ebi.ac.uk/files/AF-O60741-F1-model_v6.cif,30,57,30,0.5263,25,25
89,CACNA1E,Q15878,2313,AF-Q15878-F1,6,59.94,https://alphafold.ebi.ac.uk/files/AF-Q15878-F1-model_v6.cif,30,332,30,0.0904,25,25
90,OCRL,Q01968,901,AF-Q01968-F1,6,82.56,https://alphafold.ebi.ac.uk/files/AF-Q01968-F1-model_v6.cif,29,36,29,0.8056,25,25
91,FOXP1,Q9H334,677,AF-Q9H334-F1,6,57.94,https://alphafold.ebi.ac.uk/files/AF-Q9H334-F1-model_v6.cif,29,54,29,0.537,25,25
92,WFS1,O76024,890,AF-O76024-F1,6,73.19,https://alphafold.ebi.ac.uk/files/AF-O76024-F1-model_v6.cif,79,29,29,0.3671,25,25
93,ABCA12,Q86UK0,2595,AF-Q86UK0-F1,6,68.06,https://alphafold.ebi.ac.uk/files/AF-Q86UK0-F1-model_v6.cif,29,101,29,0.2871,25,25
94,L1CAM,P32004,1257,AF-P32004-F1,6,78.44,https://alphafold.ebi.ac.uk/files/AF-P32004-F1-model_v6.cif,29,145,29,0.2,25,25
95,COL4A1,P02462,1669,AF-P02462-F1,6,48.47,https://alphafold.ebi.ac.uk/files/AF-P02462-F1-model_v6.cif,235,29,29,0.1234,25,25
96,CACNA1C,Q13936,2221,AF-Q13936-F1,6,61.94,https://alphafold.ebi.ac.uk/files/AF-Q13936-F1-model_v6.cif,33,28,28,0.8485,25,25
97,CHD4,Q14839,1912,AF-Q14839-F1,6,64.62,https://alphafold.ebi.ac.uk/files/AF-Q14839-F1-model_v6.cif,47,28,28,0.5957,25,25
98,PHIP,Q8WWQ0,1821,AF-Q8WWQ0-F1,6,66.06,https://alphafold.ebi.ac.uk/files/AF-Q8WWQ0-F1-model_v6.cif,28,52,28,0.5385,25,25
99,PURA,Q00577,322,AF-Q00577-F1,6,78.19,https://alphafold.ebi.ac.uk/files/AF-Q00577-F1-model_v6.cif,52,28,28,0.5385,25,25
100,ARID1A,O14497,2285,AF-O14497-F1,6,46.91,https://alphafold.ebi.ac.uk/files/AF-O14497-F1-model_v6.cif,28,232,28,0.1207,25,25
