gene,uniprot_accession,alphafold_entry,alphafold_version,structure_file,structure_sha256,residues,mean_plddt,sequence_matches_uniprot,status
BRCA1,P38398,AF-P38398-F1,6,data/raw/alphafold/AF-P38398-F1-model_v6.cif,119c411fb688fa36051126df1bd7b9dd228f4cc0c2653fb9791352618007d2eb,1863,41.59,True,ok
TSC2,P49815,AF-P49815-F1,6,data/raw/alphafold/AF-P49815-F1-model_v6.cif,3ce88c18cca4e50147c49ff331a6f9dec555c713c33fe6852ede0af613dd03bf,1807,67.87,True,ok
NSD1,Q96L73,AF-Q96L73-F1,6,data/raw/alphafold/AF-Q96L73-F1-model_v6.cif,489646e2274ed55a4bbcadf363bf9cc230e67797d4c687aebffb4da20c41f08a,2696,44.68,True,ok
TP53,P04637,AF-P04637-F1,6,data/raw/alphafold/AF-P04637-F1-model_v6.cif,4332bff49301d04434b6e3b43c439aa5bd8238760e88c7142f7d0c0851a68e5d,393,75.05,True,ok
GRIN2B,Q13224,AF-Q13224-F1,6,data/raw/alphafold/AF-Q13224-F1-model_v6.cif,15637aa5d6dde7de51001138cd1417828648cf0fcd3a85f0193b1d17653b61e2,1484,60.7,True,ok
MSH2,P43246,AF-P43246-F1,6,data/raw/alphafold/AF-P43246-F1-model_v6.cif,6c499936ce5cc16646b5fcd4ca0b47f4aee7a490bb708560b311061afa2d60c7,934,85.29,True,ok
CREBBP,Q92793,AF-Q92793-F1,6,data/raw/alphafold/AF-Q92793-F1-model_v6.cif,97b2856a1eef79649e537def9bc9ab3bbe9737a84ecfcaccafdeac1b87236376,2442,52.52,True,ok
COL2A1,P02458,AF-P02458-F1,6,data/raw/alphafold/AF-P02458-F1-model_v6.cif,6d51b7eefd67c2ecffb21d5fc0dd46484e493d694eae9d9560e0fd5d6f03dd0d,1487,52.12,True,ok
SMARCA2,P51531,AF-P51531-F1,6,data/raw/alphafold/AF-P51531-F1-model_v6.cif,366566761c33ee053921fa780b6f1cc2143075ba9cd2b6a02ffafc683db9c7c9,1590,65.09,True,ok
CACNA1A,O00555,AF-O00555-F1,6,data/raw/alphafold/AF-O00555-F1-model_v6.cif,2cbed1adbec0ea2c673f563fd9b59f573b6beb62697ebc062ade36e121f6172d,2506,57.73,True,ok
GRIN2A,Q12879,AF-Q12879-F1,6,data/raw/alphafold/AF-Q12879-F1-model_v6.cif,844b439426ee15cc261f983471f941d340020b683750a04d796d8575354b67d1,1464,60.85,True,ok
KCNB1,Q14721,AF-Q14721-F1,6,data/raw/alphafold/AF-Q14721-F1-model_v6.cif,c6cd9c70986553a96c33d853783fe84a0829aa6327dfa2c79a9e482600327754,858,61.93,True,ok
CDKL5,O76039,AF-O76039-F1,6,data/raw/alphafold/AF-O76039-F1-model_v6.cif,515835c7a71481530f4b7ed6a6c76e21c29b6d048bc5595dbb78cdc67ee3bfa3,960,53.13,True,ok
COL4A5,P29400,AF-P29400-F1,6,data/raw/alphafold/AF-P29400-F1-model_v6.cif,5d98c2b78f638a31bb536e2d9702f9c5ce7ac9baf6f11c9d8e6bd1ee5d7623b5,1685,48.13,True,ok
ENG,P17813,AF-P17813-F1,6,data/raw/alphafold/AF-P17813-F1-model_v6.cif,9ae083ffb320c086efcfe785eda3dd3bcfee0a7821291deea78b825a3255b4a0,658,80.05,True,ok
NOTCH3,Q9UM47,AF-Q9UM47-F1,6,data/raw/alphafold/AF-Q9UM47-F1-model_v6.cif,2b3bfa27e954319d94e99017e0732698fa67fbcd68e1be3edffb386261b35678,2321,61.42,True,ok
COL1A1,P02452,AF-P02452-F1,6,data/raw/alphafold/AF-P02452-F1-model_v6.cif,d079f4f9972538cddf5aa58a3bff5815577669c39167ad9ae095d47069f7dea3,1464,52.73,True,ok
FOXG1,P55316,AF-P55316-F1,6,data/raw/alphafold/AF-P55316-F1-model_v6.cif,a119c80e63a4ba53a6c0ad8886e6ad56ce97ac54c338126adfd13c53c11746d2,489,57.47,True,ok
CHD2,O14647,AF-O14647-F1,6,data/raw/alphafold/AF-O14647-F1-model_v6.cif,a2d7caa4fbfddc3ee0c62e1ed37fb476d3b75ebce0ad9ede490b33d3478a56bf,1828,60.42,True,ok
ABCD1,P33897,AF-P33897-F1,6,data/raw/alphafold/AF-P33897-F1-model_v6.cif,3b7bb824e3ddeb416e0f1258caa8cef3674d3c841b95ed4deac6d9d5747e449e,745,80.61,True,ok
SYNGAP1,Q96PV0,AF-Q96PV0-F1,6,data/raw/alphafold/AF-Q96PV0-F1-model_v6.cif,6b070c33f45e343b574b2d83d235416846807ec4e1dd7604130522167f8014c0,1343,59.23,True,ok
MSH6,P52701,AF-P52701-F1,6,data/raw/alphafold/AF-P52701-F1-model_v6.cif,54ce814882096efde094fb717819bee245072b5a91f25ac52735d2c77d857f80,1360,77.09,True,ok
ATRX,P46100,AF-P46100-F1,6,data/raw/alphafold/AF-P46100-F1-model_v6.cif,1d69218c8de967d59ef256fe24b956397cf7fdbb4bdf63dc532f553251be50ec,2492,51.81,True,ok
SLC6A1,P30531,AF-P30531-F1,6,data/raw/alphafold/AF-P30531-F1-model_v6.cif,4d6db59a488148b3d973f0145ea5a471a1c816725755d7de86d1615fd90260c5,599,87.96,True,ok
SCN1A,P35498,AF-P35498-F1,6,data/raw/alphafold/AF-P35498-F1-model_v6.cif,f97c3a558e282f6bf02632ffdd1d135ac55ade8ef29f773aaa5e0a8296dbb66f,2009,68.5,True,ok
FBXO11,Q86XK2,AF-Q86XK2-F1,6,data/raw/alphafold/AF-Q86XK2-F1-model_v6.cif,62cf004a3d44ae4c0c5bd765c9e1422277e57c5577b4a3a7a14ea6880301085c,927,82.54,True,ok
COL6A2,P12110,AF-P12110-F1,6,data/raw/alphafold/AF-P12110-F1-model_v6.cif,2bb71db1421b549380b638ca32168042365d7329e34c3e5ec59d88a5985c62f6,1019,68.27,True,ok
SOS1,Q07889,AF-Q07889-F1,6,data/raw/alphafold/AF-Q07889-F1-model_v6.cif,ea20a647bd0eeae0c06d8a086d00ed254e52c65400ab6e917f575a690b79289d,1333,76.36,True,ok
GABRB2,P47870,AF-P47870-F1,6,data/raw/alphafold/AF-P47870-F1-model_v6.cif,c1ccc1306c3958645241fa69b79f103693cb53b79a791216d94056f1f8407e00,512,76.47,True,ok
COL6A1,P12109,AF-P12109-F1,6,data/raw/alphafold/AF-P12109-F1-model_v6.cif,dc8531dd4fa0cda3d9ae1248dbeb7d5171b27538d3253f9b6b98d789fd82c196,1028,69.96,True,ok
STXBP1,P61764,AF-P61764-F1,6,data/raw/alphafold/AF-P61764-F1-model_v6.cif,bfff4b2b6b89694a6ae343ae5e5e9f458471b661499fc37fbaa9f33b60e55939,594,90.42,True,ok
COL4A3,Q01955,AF-Q01955-F1,6,data/raw/alphafold/AF-Q01955-F1-model_v6.cif,e9d223785f8649c7cd982cadf71affa52551b9433b0a1a222c24471102527da2,1670,47.87,True,ok
CHD3,Q12873,AF-Q12873-F1,6,data/raw/alphafold/AF-Q12873-F1-model_v6.cif,7421bda16c9dc5d16ee86a193e481e296adca7c585cdc9f42273564b4c9f1b94,2000,62.36,True,ok
SATB2,Q9UPW6,AF-Q9UPW6-F1,6,data/raw/alphafold/AF-Q9UPW6-F1-model_v6.cif,f885c543a9de8ed588c229b9cdb1ad5ab1d2bcd2ca678c98cfb61c2827c96173,733,66.08,True,ok
FANCA,O15360,AF-O15360-F1,6,data/raw/alphafold/AF-O15360-F1-model_v6.cif,e2b82fb97fb07b51e718b490bd4131fdf64087ce7b059c8a7d56bc9626e445a0,1455,74.86,True,ok
IDS,P22304,AF-P22304-F1,6,data/raw/alphafold/AF-P22304-F1-model_v6.cif,0229e030e6da1451979f2022092e9eb1098244e521f85798388ed130784b2f55,550,93.08,True,ok
BMPR2,Q13873,AF-Q13873-F1,6,data/raw/alphafold/AF-Q13873-F1-model_v6.cif,1f19ee59953d92e3a38d723d24f068f11dc613d35e3b54f061e97c02bf16d4fa,1038,57.37,True,ok
RPGR,Q92834,AF-Q92834-F1,6,data/raw/alphafold/AF-Q92834-F1-model_v6.cif,00d646fcf9829a2bb89cc46c5e21aa3b296b438ad7e722d9769e62392d62eb53,1020,57.05,True,ok
RET,P07949,AF-P07949-F1,6,data/raw/alphafold/AF-P07949-F1-model_v6.cif,c82ef19bcdd20f1703f239b3489b5b2751ba2c9b569559290a935fc7e3627662,1114,78.79,True,ok
INF2,Q27J81,AF-Q27J81-F1,6,data/raw/alphafold/AF-Q27J81-F1-model_v6.cif,81f7e1549dc7d88d260bb4b9a58d4650c58e2cf589e89a46452a4b4ae68ca6f0,1249,66.28,True,ok
COL4A4,P53420,AF-P53420-F1,6,data/raw/alphafold/AF-P53420-F1-model_v6.cif,2809c7b8362170e007dae38b2d7907f5eb56c4769be140f9bd006da1eb1476d7,1690,48.32,True,ok
ZBTB20,Q9HC78,AF-Q9HC78-F1,6,data/raw/alphafold/AF-Q9HC78-F1-model_v6.cif,2a00caf1f4e49b785331af4a939dd3c98a1197b894bc837cfb0aa6a295513e56,741,52.19,True,ok
PTCH1,Q13635,AF-Q13635-F1,6,data/raw/alphafold/AF-Q13635-F1-model_v6.cif,c0957c0eb4241a344ddc1f465eb0c5acebf148956f4a79722bdde4b832a08b74,1447,73.89,True,ok
FLNB,O75369,AF-O75369-F1,6,data/raw/alphafold/AF-O75369-F1-model_v6.cif,945d36643a7251af16a02676da36254eb0f47affdf5017eb38ed289d9106f354,2602,76.26,True,ok
CPS1,P31327,AF-P31327-F1,6,data/raw/alphafold/AF-P31327-F1-model_v6.cif,8bc3a10949e5f833793c1c36fa70a81ae3a6a6e44151d0051b0fe328513f17ae,1500,93.81,True,ok
KDM5C,P41229,AF-P41229-F1,6,data/raw/alphafold/AF-P41229-F1-model_v6.cif,ec200fb2b714c0bd91419fedcb7d296016aac12cb2c9c07579cb0543c97de4c8,1560,71.94,True,ok
MED12,Q93074,AF-Q93074-F1,6,data/raw/alphafold/AF-Q93074-F1-model_v6.cif,8c038a78f19c431ce2a7f88f4dda9d172450ae023a8a10ef1cd1922173a70e0f,2177,65.12,True,ok
MED13L,Q71F56,AF-Q71F56-F1,6,data/raw/alphafold/AF-Q71F56-F1-model_v6.cif,73be6c9944fe177909fa1ecf424b975363d2de4760cd41f6c0e523b951877148,2210,55.82,True,ok
MTOR,P42345,AF-P42345-F1,6,data/raw/alphafold/AF-P42345-F1-model_v6.cif,ef71af9766ca195a7b0922e6fdaff061f1ec8f4ace355760b6fcc0d34be90f4f,2549,77.97,True,ok
DNM1,Q05193,AF-Q05193-F1,6,data/raw/alphafold/AF-Q05193-F1-model_v6.cif,95eb14397ae251ae0008a664c8e556882dae75649e1fa41bc862e04673733597,864,77.97,True,ok
RB1,P06400,AF-P06400-F1,6,data/raw/alphafold/AF-P06400-F1-model_v6.cif,36f6696e4a70802cd1422127b81c4860b880d3c67354112d1a486558172feb34,928,76.07,True,ok
CDK13,Q14004,AF-Q14004-F1,6,data/raw/alphafold/AF-Q14004-F1-model_v6.cif,ea2d39bd04cf46364dda1b3c9e23126406a0b8ce8b8e622c62111133b5ac72b2,1512,49.84,True,ok
SCN8A,Q9UQD0,AF-Q9UQD0-F1,6,data/raw/alphafold/AF-Q9UQD0-F1-model_v6.cif,1184b608dfa0ae1dc2f3494c9a0ddb21faee152dd69a553a850689a70c519b68,1980,68.35,True,ok
ATP7A,Q04656,AF-Q04656-F1,6,data/raw/alphafold/AF-Q04656-F1-model_v6.cif,d33003c3b9fc98c94b14587d92f27fc22f1d44e2c87b5a388518526dd79894a3,1500,73.39,True,ok
EP300,Q09472,AF-Q09472-F1,6,data/raw/alphafold/AF-Q09472-F1-model_v6.cif,125f49a47902b7c25e430a27aaa14f160c83b7549a9c541d63a16b6dbf5e6f53,2414,53.24,True,ok
NPHS1,O60500,AF-O60500-F1,6,data/raw/alphafold/AF-O60500-F1-model_v6.cif,67a34059fc706e38232c9d5873eb9dc0651bdfdfe52945fc686e159d4f9d823d,1241,77.23,True,ok
MYH9,P35579,AF-P35579-F1,6,data/raw/alphafold/AF-P35579-F1-model_v6.cif,78a888723144770b0720a80d0b605da69830cac13ca9bd06df4207a9f348c3ee,1960,76.18,True,ok
ZEB2,O60315,AF-O60315-F1,6,data/raw/alphafold/AF-O60315-F1-model_v6.cif,34a2a74f39c45b36806d5dfd39137e09ab5ac58ad87d7981d32c2e6d540ae5f1,1214,48.16,True,ok
COL11A1,P12107,AF-P12107-F1,6,data/raw/alphafold/AF-P12107-F1-model_v6.cif,e79997c3c87cae4c81b5821dbd6a57299e53d8efac7be6c9296447d36284a95c,1806,51.68,True,ok
F8,P00451,AF-P00451-F1,6,data/raw/alphafold/AF-P00451-F1-model_v6.cif,1ee4cc50375911519b74d6e1b3bdf9e371bb4399c83b47ca290f6128ee6476bd,2351,60.74,True,ok
LDLR,P01130,AF-P01130-F1,6,data/raw/alphafold/AF-P01130-F1-model_v6.cif,3bdaf8e5e8200f63e78caf0d668eb564c1a39f942331101aadd0c4fd16cf921b,860,75.42,True,ok
KIF5A,Q12840,AF-Q12840-F1,6,data/raw/alphafold/AF-Q12840-F1-model_v6.cif,6dfb08d573dc9aecbeceb5f72a532541d0ff42e4e84c0f9db8a6a8663daa06c4,1032,75.31,True,ok
ABCC6,O95255,AF-O95255-F1,6,data/raw/alphafold/AF-O95255-F1-model_v6.cif,ab2de9ef4d775f6fae53ce7dd54def350c8ee54aaf2b7ddb5f7a7987e5edbf60,1503,80.94,True,ok
CSF1R,P07333,AF-P07333-F1,6,data/raw/alphafold/AF-P07333-F1-model_v6.cif,8dfd3bfcf067eca8e29461e0c9d62f02b2ffe2d397a6a1778de5c5c01652b95e,972,77.81,True,ok
GRIN1,Q05586,AF-Q05586-F1,6,data/raw/alphafold/AF-Q05586-F1-model_v6.cif,f529a42819e3a4b68da12b6138941f8b5429d5002bd081c0f0dd6572a911689c,938,82.86,True,ok
VHL,P40337,AF-P40337-F1,6,data/raw/alphafold/AF-P40337-F1-model_v6.cif,23bf3a3a9b42a31f2f1a914b9ab7bfd25c8f7e19c7f98dc583387761d849f06a,213,84.41,True,ok
FLNA,P21333,AF-P21333-F1,6,data/raw/alphafold/AF-P21333-F1-model_v6.cif,dafadb5599b9bcaa0e957e7f9f92fe19b8e2d65cb4b2978c31a62bdc6f08c99f,2647,76.55,True,ok
CHD8,Q9HCK8,AF-Q9HCK8-F1,6,data/raw/alphafold/AF-Q9HCK8-F1-model_v6.cif,471b0727b2478958f92724ebc123e3d1052f127175691874bd9e1289d9e45a09,2581,53.92,True,ok
JAG1,P78504,AF-P78504-F1,6,data/raw/alphafold/AF-P78504-F1-model_v6.cif,e30437cfc032da04c39be60317546e27d37bcffc0eb5e1215105747692767e88,1218,73.14,True,ok
OTOF,Q9HC10,AF-Q9HC10-F1,6,data/raw/alphafold/AF-Q9HC10-F1-model_v6.cif,ccd560765a33bbb703d41f9ca548c3ccea670c3e96701c6891f2bb942c3e3263,1997,76.38,True,ok
HECW2,Q9P2P5,AF-Q9P2P5-F1,6,data/raw/alphafold/AF-Q9P2P5-F1-model_v6.cif,2991b77feacbe08de6138cee729f9d7432e3b6116485445554c8e545811dcb01,1572,60.42,True,ok
HNF1A,P20823,AF-P20823-F1,6,data/raw/alphafold/AF-P20823-F1-model_v6.cif,d1b0b185bc9e93448a11bfed4bae7b82dee3c55546f3233c1ddc849c763c707c,631,56.95,True,ok
MLH1,P40692,AF-P40692-F1,6,data/raw/alphafold/AF-P40692-F1-model_v6.cif,ce7cd443da36967520b8611c309f7b574e86b063b7ea119b60827b665477c5df,756,77.31,True,ok
USP9X,Q93008,AF-Q93008-F1,6,data/raw/alphafold/AF-Q93008-F1-model_v6.cif,4cef3cac8646a3d95017fbb92b3a8369d231cebc9eec5cfbeaca9a7e569734e8,2554,79.54,True,ok
AVPR2,P30518,AF-P30518-F1,6,data/raw/alphafold/AF-P30518-F1-model_v6.cif,00f74edea09a2ac9b3b4ca85ee06f2fa3b4a216737bb92b701f8246f230a6846,371,76.02,True,ok
SLC6A8,P48029,AF-P48029-F1,6,data/raw/alphafold/AF-P48029-F1-model_v6.cif,5098fc2a8e030336ae76d2f4084f15b11712b58fa2ba88f48b9af00c6b347d1c,635,84.64,True,ok
AR,P10275,AF-P10275-F1,6,data/raw/alphafold/AF-P10275-F1-model_v6.cif,ca4ead2b91c559f32744a48305e5e4dcb7f4b0d720297284660e7c36701ebc04,920,57.25,True,ok
COL5A1,P20908,AF-P20908-F1,6,data/raw/alphafold/AF-P20908-F1-model_v6.cif,c2f098fecefa137d5f554b04a07ff4b86e12bdb51e87f3eb2d4c38481081c675,1838,51.24,True,ok
PHEX,P78562,AF-P78562-F1,6,data/raw/alphafold/AF-P78562-F1-model_v6.cif,fda027ceb0a6bdf2dc77604ad008e7236f54f61d556af87d3cafc5bf2a1362f1,749,94.34,True,ok
MYO7A,Q13402,AF-Q13402-F1,6,data/raw/alphafold/AF-Q13402-F1-model_v6.cif,eb45d4ce2248bbaddfc272acf23196c52e211dc52bfdab7bd238606fe13aae4d,2215,77.28,True,ok
ANKRD11,Q6UB99,AF-Q6UB99-F1,6,data/raw/alphafold/AF-Q6UB99-F1-model_v6.cif,0624b19e719bdabf0c735b034e753147085580696dfe1ea520b985eb1fa98363,2663,39.21,True,ok
EHMT1,Q9H9B1,AF-Q9H9B1-F1,6,data/raw/alphafold/AF-Q9H9B1-F1-model_v6.cif,42ca76d4baa01d7b317fdf32c2cf909c1dad06f00ecd301a4fdb14a79a2e1aa0,1298,63.89,True,ok
MYBPC3,Q14896,AF-Q14896-F1,6,data/raw/alphafold/AF-Q14896-F1-model_v6.cif,4eacd7dbc212f27e47af0fbdaa4823f1e7eb7252ce64de1c02a95d2019711149,1274,78.82,True,ok
TERT,O14746,AF-O14746-F1,6,data/raw/alphafold/AF-O14746-F1-model_v6.cif,81c06705d3cec0f13bda83fb1ad6045bc5bfc124839522df3143930b074ea2fa,1132,80.2,True,ok
SOX9,P48436,AF-P48436-F1,6,data/raw/alphafold/AF-P48436-F1-model_v6.cif,51355f7fe80a25dede1d8dea8a01a75764cc9130a6df49d1838d991681fc98e6,509,55.97,True,ok
FLT4,P35916,AF-P35916-F1,6,data/raw/alphafold/AF-P35916-F1-model_v6.cif,7111a6dd549528ac9e5d418ffac5108699a97d713d9a64a65c920641fbb6c9bc,1363,72.41,True,ok
SOX11,P35716,AF-P35716-F1,6,data/raw/alphafold/AF-P35716-F1-model_v6.cif,e56d914598dfeaae216684d0c7eb1c9cde94311bdf8a09d12986ca0e25011a85,441,56.41,True,ok
HCN1,O60741,AF-O60741-F1,6,data/raw/alphafold/AF-O60741-F1-model_v6.cif,8d20cadcc7a299e06150bca8f6a5b33348e805dc904168e39c85a63bf26cf86d,890,68.91,True,ok
CACNA1E,Q15878,AF-Q15878-F1,6,data/raw/alphafold/AF-Q15878-F1-model_v6.cif,5cff300d6fe75a8114a850b1892582db1740c4615ab74037d740cdb878a4a553,2313,59.92,True,ok
OCRL,Q01968,AF-Q01968-F1,6,data/raw/alphafold/AF-Q01968-F1-model_v6.cif,531043b3695b00dce953e473a4cac335bdb44cc7529698c52fd6ed4e7ed9a673,901,82.56,True,ok
FOXP1,Q9H334,AF-Q9H334-F1,6,data/raw/alphafold/AF-Q9H334-F1-model_v6.cif,65c810faccbfce2e0bc3c66c7728a14756509b670ea44738fd7919eeecfbe1e4,677,57.93,True,ok
WFS1,O76024,AF-O76024-F1,6,data/raw/alphafold/AF-O76024-F1-model_v6.cif,9c0cc0405c6c07eed6fc8c97d0aef2b5a0c7aa468398bf2c427be9d6070e28e8,890,73.21,True,ok
ABCA12,Q86UK0,AF-Q86UK0-F1,6,data/raw/alphafold/AF-Q86UK0-F1-model_v6.cif,6c160a4221feefac32b6350cc9d8cc3a56255a4b5c83f0ce04f6786b5eb62ce6,2595,68.07,True,ok
L1CAM,P32004,AF-P32004-F1,6,data/raw/alphafold/AF-P32004-F1-model_v6.cif,bbf7a171fb6cbf396542d6544082912559ac36fb7b41d3dee11df5df5854241a,1257,78.41,True,ok
COL4A1,P02462,AF-P02462-F1,6,data/raw/alphafold/AF-P02462-F1-model_v6.cif,1830f66f022f894a158fa2b44eb41977b61bbed8ffef9a4638dbd2dc04b78d36,1669,48.47,True,ok
CACNA1C,Q13936,AF-Q13936-F1,6,data/raw/alphafold/AF-Q13936-F1-model_v6.cif,ae07b924b04fe30be680f32dc259d7a197cdc1db9d9f95c1b4f4ba0d0daf98e6,2221,61.93,True,ok
CHD4,Q14839,AF-Q14839-F1,6,data/raw/alphafold/AF-Q14839-F1-model_v6.cif,0cd29a8ec8aa64ae53d517eba7bb50299ec95cf86ae7a8643693cba5002ad2bb,1912,64.62,True,ok
PHIP,Q8WWQ0,AF-Q8WWQ0-F1,6,data/raw/alphafold/AF-Q8WWQ0-F1-model_v6.cif,4e9c24c9924f2d39857534f8cc57f53ab0b9c784303aa4c08bf906ff12dea50e,1821,66.05,True,ok
PURA,Q00577,AF-Q00577-F1,6,data/raw/alphafold/AF-Q00577-F1-model_v6.cif,b44913b513b6d80019f039dc163571c1a7cbac078b0ab41fa3c2b54f042a851d,322,78.16,True,ok
ARID1A,O14497,AF-O14497-F1,6,data/raw/alphafold/AF-O14497-F1-model_v6.cif,17d47279a3ad304f2d00503abf9c82ad2a6db31da45127a2f70bf10315c2c515,2285,46.91,True,ok
